{
  "grid_h": 32,
  "grid_w": 32,
  "x0r": 0.005555555555555556,
  "y0r": 0.01,
  "x1r": 0.9972222222222222,
  "y1r": 0.9866666666666667,
  "toolbar": {
    "road": [
      0.4909722222222222,
      0.9344444444444444
    ],
    "bridge": [
      0.5583333333333333,
      0.9422222222222222
    ]
  }
}